id,category
img001,krajobraz
img002,krajobraz
img003,krajobraz
img004,krajobraz
img005,krajobraz
img006,krajobraz
img007,krajobraz
img008,krajobraz
img009,krajobraz
img010,krajobraz
img011,krajobraz
img012,krajobraz
img013,krajobraz
img014,krajobraz
img015,krajobraz
img016,krajobraz
img017,krajobraz
img018,krajobraz
img019,krajobraz
img020,krajobraz
img021,krajobraz
img022,krajobraz
img023,krajobraz
img024,krajobraz
img025,krajobraz
img026,portret
img027,portret
img028,portret
img029,portret
img030,portret
img031,portret
img032,portret
img033,portret
img034,portret
img035,portret
img036,portret
img037,portret
img038,portret
img039,portret
img040,portret
img041,portret
img042,portret
img043,portret
img044,portret
img045,portret
img046,portret
img047,portret
img048,portret
img049,portret
img050,portret
img051,architektura
img052,architektura
img053,architektura
img054,architektura
img055,architektura
img056,architektura
img057,architektura
img058,architektura
img059,architektura
img060,architektura
img061,architektura
img062,architektura
img063,architektura
img064,architektura
img065,architektura
img066,architektura
img067,architektura
img068,architektura
img069,architektura
img070,architektura
img071,architektura
img072,architektura
img073,architektura
img074,architektura
img075,architektura
img076,ilustracja
img077,ilustracja
img078,ilustracja
img079,ilustracja
img080,ilustracja
img081,ilustracja
img082,ilustracja
img083,ilustracja
img084,ilustracja
img085,ilustracja
img086,ilustracja
img087,ilustracja
img088,ilustracja
img089,ilustracja
img090,ilustracja
img091,ilustracja
img092,ilustracja
img093,ilustracja
img094,ilustracja
img095,ilustracja
img096,ilustracja
img097,ilustracja
img098,ilustracja
img099,ilustracja
img100,ilustracja
